{
    "alpha": 0.0025305004238201983,
    "l1_ratio": 0.30000000000000004,
    "max_iter": 25,
    "penalty": "elasticnet"
}