{
    "factors": 219,
    "iterations": 109,
    "learning_rate": 0.004130684830182018,
    "regularization": 3.5805249745023494e-06
}