{
    "factors": 259,
    "iterations": 189,
    "learning_rate": 0.09542356213320495,
    "regularization": 7.0246264834846385e-06
}